""	"Df"	"Variance"	"F"	"Pr(>F)"
"background"	3	26.2482174299585	19.402978925106	0.001
"type"	4	3.65168968744876	2.0245277103768	0.003
"background:type"	1	0.635572780691902	1.40946774409078	0.155
"Residual"	123	55.4645201019008	NA	NA
