""	"Df"	"Variance"	"F"	"Pr(>F)"
"type"	1	4.01292533978673	1.63939256602602	0.058
"name"	6	23.239578696911	1.58233663007036	0.001
"Residual"	24	58.7474959633023	NA	NA
