""	"Df"	"Variance"	"F"	"Pr(>F)"
"type"	1	4.4165241588832	2.2255648266489	0.023
"name"	7	31.9722029408651	2.30162284495504	0.001
"Residual"	25	49.6112729002517	NA	NA
