""	"Df"	"Variance"	"F"	"Pr(>F)"
"name"	4	19.9034005519525	1.12922227002749	0.222
"Residual"	15	66.0965994480475	NA	NA
