""	"Df"	"Variance"	"F"	"Pr(>F)"
"name"	15	33.1811941703401	1.758982283253	0.001
"Residual"	42	52.8188058296599	NA	NA
