""	"Df"	"Variance"	"F"	"Pr(>F)"
"name"	2	16.9561931637618	0.736758035546015	0.783
"Residual"	6	69.0438068362382	NA	NA
