""	"Df"	"Variance"	"F"	"Pr(>F)"
"type"	1	4.01292533978673	1.46837487119203	0.105
"Residual"	30	81.9870746602133	NA	NA
