	Df	Variance	F	Pr(>F)
background	2	24.77154407	27.58868677	0.001
type	4	3.884346196	2.163046643	0.001
name	25	16.49021681	1.469245276	0.001
Residual	91	40.85389293	NA	NA
