""	"Df"	"Variance"	"F"	"Pr(>F)"
"background"	3	26.2482174299585	19.402978925106	0.001
"type"	4	3.65168968744874	2.02452771037679	0.002
"background:type"	1	0.635572780691909	1.4094677440908	0.153
"Residual"	123	55.4645201019008	NA	NA
