""	"Df"	"Variance"	"F"	"Pr(>F)"
"type"	2	6.57302182412235	1.86199946717435	0.002
"Residual"	45	79.4269781758776	NA	NA
