""	"Df"	"Variance"	"F"	"Pr(>F)"
"name"	3	17.9110585376101	1.05221542017971	0.359
"Residual"	12	68.0889414623899	NA	NA
