""	"Df"	"Variance"	"F"	"Pr(>F)"
"name"	8	36.3887270997483	2.29211559266678	0.001
"Residual"	25	49.6112729002516	NA	NA
