""	"Df"	"Variance"	"F"	"Pr(>F)"
"name"	7	27.2525040366977	1.59048747806402	0.002
"Residual"	24	58.7474959633023	NA	NA
