""	"Df"	"Variance"	"F"	"Pr(>F)"
"type"	3	7.79473677618747	1.79406418682897	0.009
"Residual"	54	78.2052632238125	NA	NA
