""	"Df"	"Variance"	"F"	"Pr(>F)"
"type"	3	7.79473677618747	2.06605039914298	0.004
"name"	12	25.3864573941526	1.68221525428051	0.001
"Residual"	42	52.8188058296599	NA	NA
