""	"Df"	"Variance"	"F"	"Pr(>F)"
"type"	5	13.4191671766253	6.48168801954678	0.001
"name"	29	32.4166283072902	2.69961857630262	0.001
"Residual"	97	40.1642045160845	NA	NA
