""	"Df"	"Variance"	"F"	"Pr(>F)"
"name"	4	40.8814207363604	2.71826516283766	0.001
"Residual"	12	45.1185792636396	NA	NA
