""	"Df"	"Variance"	"F"	"Pr(>F)"
"name"	3	25.7133038207263	1.84824055086946	0.008
"Residual"	13	60.2866961792737	NA	NA
